countries,countries_code,year,undernourishment_percent,minimum_calories,cereal_production,cereal_yield,land_usage,population,gdp_per_capita,continent,yearly_mean,yield_index_2001,prod_index_2001,yield_index_z,undernourishment_z,food_stress_score,total_num_of_emigrants,emigrant_index_2000
Afghanistan,AFG,2001,46.0,1583,2108000.0,1.0067,2094000.0,20284303.0,1454.1108,Asia,0.092416,100.0,100.0,-0.7725636272030887,4.201485203378318,4.974048830581406,,
Afghanistan,AFG,2002,43.7,1587,3737000.0,1.6698002,2238000.0,21378123.0,1774.3087,Asia,0.004266,165.86869971193008,177.27703984819735,1.2685395932018517,3.9326032901178385,2.6640636969159868,,
Afghanistan,AFG,2003,38.6,1590,4381000.0,1.4580001,3004700.0,22733053.0,1815.9282,Asia,0.008699,144.82965133604847,207.82732447817835,0.6165930756286574,3.3363868737576436,2.719793798128986,,
Afghanistan,AFG,2004,35.9,1595,3560000.0,1.3348001,2667000.0,23560656.0,1776.9182,Asia,0.070052,132.5916459719877,168.88045540796963,0.2373684625854279,3.0207428886257754,2.7833744260403477,,
Afghanistan,AFG,2005,34.2,1602,5425000.0,1.7904001,3030000.0,24404575.0,1908.1147,Asia,0.092185,177.8484255488229,257.3529411764706,1.6397607815991913,2.822004083172378,1.1822433015731868,3902699.0,85.87710990565331
Afghanistan,AFG,2006,31.6,1609,4638000.0,1.5517,2989000.0,25424100.0,1929.7239,Asia,0.044091,154.13728022250922,220.01897533206832,0.9050127860157475,2.518050616008357,1.6130378299926094,,
Afghanistan,AFG,2007,28.3,1607,5786000.0,1.9153001,3021000.0,25909852.0,2155.353,Asia,0.036684,190.2552994933943,274.4781783681214,2.024218201802922,2.1322635230694074,0.10804532126648558,,
Afghanistan,AFG,2008,25.1,1607,3950000.0,1.4554001,2714000.0,26482631.0,2191.5044,Asia,0.095789,144.57138174232642,187.38140417457305,0.6085899587949534,1.758166948098305,1.1495769893033518,,
Afghanistan,AFG,2009,21.6,1614,6514000.0,2.0407,3192000.0,27466102.0,2565.022,Asia,0.034867,202.7118307340817,309.01328273244786,2.410214375124024,1.3489988192236617,-1.0612155559003624,,
Afghanistan,AFG,2010,19.4,1618,5957000.0,2.0111,2962000.0,28284088.0,2848.5862,Asia,0.13055,199.7715307440151,282.59013282732445,2.319101968094156,1.0918074239310285,-1.2272945441631273,5074825.0,111.66920745795592
Afghanistan,AFG,2011,18.3,1625,4681020.0,1.6599001,2820000.0,29347708.0,2757.0525,Asia,0.011309,164.88527863315784,222.05977229601518,1.238065878984406,0.9632117262847123,-0.2748541526996936,,
Afghanistan,AFG,2012,19.5,1632,6582000.0,2.0942001,3143000.0,30560036.0,2985.319,Asia,0.039828,208.02623423065464,312.23908918406073,2.574894202398976,1.1034979418988757,-1.4713962605001,,
Afghanistan,AFG,2013,19.4,1637,6772235.0,2.1277,3182922.0,31622709.0,3046.5798,Asia,0.06705,211.35392867785833,321.26351992409866,2.6780109768672125,1.0918074239310285,-1.586203552936184,,
Afghanistan,AFG,2014,19.3,1641,7012523.5,2.0966003,3344733.0,32792528.0,3017.9426,Asia,0.106208,208.2646567994437,332.6624051233396,2.5822823104852275,1.0801169059631819,-1.5021654045220456,,
Afghanistan,AFG,2015,20.0,1645,6010288.0,2.2064,2724070.0,33831767.0,2967.6921,Asia,0.255577,219.1715506109069,285.1180265654649,2.92025916717973,1.1619505317381105,-1.7583086354416197,5181002.0,114.0055838729581
Afghanistan,AFG,2016,20.5,1647,5708330.5,2.0433002,2793694.0,34700613.0,2958.7854,Asia,0.439195,202.97012019469554,270.7936669829222,2.418218107582099,1.2204031215773452,-1.197814986004754,,
Afghanistan,AFG,2017,21.4,1650,5059634.0,2.0914,2419213.0,35688941.0,2952.999,Asia,0.343641,207.7480878116619,240.0205882352941,2.566275153381262,1.3256177832879676,-1.2406573700932944,,
Afghanistan,AFG,2018,22.6,1652,4304555.5,2.2532,1910389.0,36743040.0,2902.392,Asia,0.263885,223.82040329790405,204.20092504743832,3.064315270186413,1.4659039989021314,-1.5984112712842815,,
Afghanistan,AFG,2019,25.1,1656,5771861.0,2.1847,2641911.0,37856125.0,2927.245,Asia,0.399228,217.01599284791894,273.8074478178368,2.853463922836889,1.758166948098305,-1.0952969747385841,,
Afghanistan,AFG,2020,27.7,1659,6241828.0,2.0508,3043589.0,39068977.0,2769.6858,Asia,0.432163,203.7151087712328,296.1018975332068,2.4413034059011074,2.062120415262325,-0.37918299063878225,5729887.0,126.08354773093549
Afghanistan,AFG,2021,29.4,1662,4970923.0,2.0991,2368118.0,40000410.0,2144.1665,Asia,0.273691,208.51296314691567,235.81228652751426,2.5899766916964633,2.260859220715724,-0.3291174709807394,,
Afghanistan,AFG,2022,30.4,1664,4802495.0,2.1934,2189504.0,40578847.0,1981.7102,Asia,0.300865,217.8802026422966,227.82234345351046,2.8802435830112083,2.3777644003941933,-0.502479182617015,,
Bangladesh,BGD,2001,15.5,1716,38029336.0,3.311,11485595.0,136805810.0,2803.5547,Asia,0.092416,100.0,100.0,-0.7725636272030887,0.6358772231849976,1.4084408503880863,,
Bangladesh,BGD,2002,14.7,1721,39341456.0,3.3950002,11588093.0,138933659.0,2866.4346,Asia,0.004266,102.53700392630624,103.45028374936653,-0.6939483378955671,0.542353079442222,1.236301417337789,,
Bangladesh,BGD,2003,14.4,1726,40015280.0,3.4793003,11500907.0,140970355.0,2958.915,Asia,0.008699,105.08306553911204,105.22213693134164,-0.6150523739555641,0.5072815255386812,1.1223338994942453,,
Bangladesh,BGD,2004,13.8,1731,37759050.0,3.4394,10978274.0,142902857.0,3071.838,Asia,0.070052,103.87798248263364,99.28926973639508,-0.6523948282349219,0.43713841773159956,1.0895332459665215,,
Bangladesh,BGD,2005,13.7,1726,41146756.0,3.6816003,11176338.0,144715789.0,3231.6138,Asia,0.092185,111.1930021141649,108.19740844278742,-0.42572100299559396,0.4254478997637524,0.8511689027593463,5198991.0,98.31941402359897
Bangladesh,BGD,2006,13.2,1725,42044684.0,3.7614,11178034.0,146405983.0,3407.4272,Asia,0.044091,113.60314104500151,110.55855405942403,-0.35103693674154374,0.3669953099245177,0.7180322466660614,,
Bangladesh,BGD,2007,13.3,1724,44841300.0,4.0209002,11152085.0,147989282.0,3608.9155,Asia,0.036684,121.44065841135607,117.9123926854784,-0.10817223762940162,0.3786858278923648,0.48685806552176647,,
Bangladesh,BGD,2008,12.9,1734,48946800.0,4.1025,11930855.0,149474264.0,3787.9382,Asia,0.095789,123.90516460283902,128.70800584054373,-0.031803468454614243,0.33192375602097696,0.3637272244755912,,
Bangladesh,BGD,2009,14.5,1741,49735852.0,4.176,11909888.0,150873716.0,3942.1362,Asia,0.034867,126.12503775294475,130.782856687269,0.03698474590800524,0.5189720435065281,0.4819872975985229,,
Bangladesh,BGD,2010,15.2,1750,51862850.0,4.2883,12093951.0,152201978.0,4125.464,Asia,0.13055,129.51676230745997,136.37590201417137,0.1420856503015023,0.6008056692814567,0.4587200189799544,6221642.0,117.65902185724353
Bangladesh,BGD,2011,16.1,1759,52628364.0,4.3528,12090666.0,153591074.0,4352.4263,Asia,0.011309,131.46481425551193,138.38885853805073,0.2024508180074742,0.7060203309920795,0.5035695129846053,,
Bangladesh,BGD,2012,15.9,1758,52801016.0,4.3958,12011654.0,155070110.0,4592.0483,Asia,0.039828,132.76351555421323,138.84285542087824,0.24269426314478879,0.6826392950563854,0.4399450319115966,,
Bangladesh,BGD,2013,15.6,1760,54357476.0,4.5086,12056374.0,156532134.0,4822.726,Asia,0.06705,136.17034128662038,142.93564315716688,0.3482631145747681,0.6475677411528445,0.29930462657807644,,
Bangladesh,BGD,2014,14.9,1761,55241124.0,4.5409,12165112.0,157964931.0,5068.6396,Asia,0.106208,137.1458773784355,145.25923881500324,0.37849249313140054,0.565734115377916,0.18724162224651542,,
Bangladesh,BGD,2015,14.9,1766,55438380.0,4.5604,12156367.0,159383179.0,5352.7114,Asia,0.255577,137.73482331621864,145.77793311984203,0.39674242755413586,0.565734115377916,0.1689916878237801,7883873.0,149.09388640920386
Bangladesh,BGD,2016,14.4,1770,54262296.0,4.6010003,11793602.0,160811934.0,5682.5356,Asia,0.439195,138.96104802174568,142.68536268947742,0.4347400076845667,0.5072815255386812,0.0725415178541145,,
Bangladesh,BGD,2017,13.7,1774,58495624.0,4.7060003,12430005.0,162186146.0,6005.707,Asia,0.343641,142.13229537903956,153.81710582588138,0.5330088853454512,0.4254478997637524,-0.1075609855816988,,
Bangladesh,BGD,2018,12.8,1780,58816520.0,4.7902,12278572.0,163523109.0,6392.5933,Asia,0.263885,144.67532467532467,154.66091756111652,0.6118108855205289,0.32023323805313003,-0.29157764746739884,,
Bangladesh,BGD,2019,11.9,1783,59185500.0,4.8109,12302411.0,164913060.0,6838.326,Asia,0.399228,145.30051344004832,155.63116852737056,0.6311838928308174,0.21501857634250746,-0.41616531648831,,
Bangladesh,BGD,2020,12.1,1786,59962356.0,4.9018,12232598.0,166298024.0,7015.1978,Asia,0.432163,148.0459075807913,157.67394939527736,0.7162566640629541,0.23839961227820128,-0.4778570517847528,8085347.0,152.90401141634285
Bangladesh,BGD,2021,11.8,1788,61597970.0,4.9196005,12521054.0,167658855.0,7441.0693,Asia,0.273691,148.58352461491995,161.9748764480137,0.7329160465086928,0.20332805837466053,-0.5295879881340323,,
Bangladesh,BGD,2022,11.9,1790,62549532.0,5.0053,12496558.0,169384891.0,7888.164,Asia,0.300865,151.17185140440955,164.47705529226172,0.8131217006143976,0.21501857634250746,-0.5981031242718902,,
China,CHN,2001,10.3,1870,396483170.0,4.8003,82595432.0,1278725061.0,4372.157,Asia,0.092416,100.0,100.0,-0.7725636272030887,0.027970288856956276,0.800533916060045,,
China,CHN,2002,9.7,1876,396676260.0,4.8691,81468880.0,1286866835.0,4744.3984,Asia,0.004266,101.43324375559861,100.04870068003137,-0.7281510540390286,-0.0421728189501256,0.685978235088903,,
China,CHN,2003,8.9,1882,374819300.0,4.8711004,76947800.0,1294517323.0,5192.006,Asia,0.008699,101.47491615107388,94.53599253658106,-0.7268597326530204,-0.13569696269290107,0.5911627699601193,,
China,CHN,2004,8.1,1887,411570400.0,5.1868,79349400.0,1302100316.0,5684.169,Asia,0.070052,108.05158010957648,103.80526366352447,-0.523065668948595,-0.22922110643567675,0.29384456251291824,,
China,CHN,2005,7.2,1890,427760500.0,5.2246003,81873752.0,1310027135.0,6298.323,Asia,0.092185,108.83903714351186,107.88869045815991,-0.49866438131235336,-0.3344357681462993,0.16422861316605408,6892920.0,121.60085243310377
China,CHN,2006,6.2,1892,451108160.0,5.3134003,84899808.0,1318054030.0,7057.1,Asia,0.044091,110.68892152573797,113.77737925168425,-0.4413411764145551,-0.45134094782476875,-0.009999771410213631,,
China,CHN,2007,5.1,1893,456668100.0,5.3206005,85830048.0,1325813576.0,8013.716,Asia,0.036684,110.83891631773015,115.1796935037621,-0.4366932198840914,-0.5799366454710853,-0.14324342558699388,,
China,CHN,2008,4.0,1894,479263400.0,5.5497003,86358192.0,1333821011.0,8743.745,Asia,0.095789,115.6115305293419,120.87862392746709,-0.28880206248043644,-0.7085323431174017,-0.4197302806369652,,
China,CHN,2009,2.9,1893,482657000.0,5.4496,88566752.0,1342522717.0,9518.433,Asia,0.034867,113.52623794346187,121.73454928742625,-0.35341996796727265,-0.8371280407637182,-0.4837080727964455,,
China,CHN,2010,2.5,1892,497807900.0,5.5275,90060288.0,1351561505.0,10476.3125,Asia,0.13055,115.14905318417598,125.55587164015058,-0.30313305736436186,-0.883890112635106,-0.5807570552707442,8773150.0,154.770767472056
China,CHN,2011,2.5,1891,521255500.0,5.71,91288192.0,1360250658.0,11405.018,Asia,0.011309,118.95089890215196,131.46976705215508,-0.18532354279399868,-0.883890112635106,-0.6985665698411073,,
China,CHN,2012,2.5,1890,541643200.0,5.8287005,92927088.0,1369520866.0,12217.8545,Asia,0.039828,121.42367143720185,136.61190208905967,-0.1086986206884684,-0.883890112635106,-0.7751914919466376,,
China,CHN,2013,2.5,1887,555365200.0,5.8977003,94166632.0,1379008040.0,13080.829,Asia,0.06705,122.86107743266047,140.0728308341562,-0.06415707031338833,-0.883890112635106,-0.8197330423217176,,
China,CHN,2014,2.5,1886,560519000.0,5.8963003,95062912.0,1387951970.0,13968.581,Asia,0.106208,122.83191258879653,141.37270946456567,-0.06506081453475043,-0.883890112635106,-0.8188292981003555,,
China,CHN,2015,2.5,1884,618165300.0,5.9852004,103281872.0,1396134171.0,14856.78,Asia,0.255577,124.68388225735892,155.912116017434,-0.007672991925124467,-0.883890112635106,-0.8762171207099815,10357962.0,182.72909139663543
China,CHN,2016,2.5,1882,614697500.0,6.0186005,102133384.0,1404052628.0,15772.765,Asia,0.439195,125.37967418702998,155.03747611783876,0.0138878276233772,-0.883890112635106,-0.8977779402584831,,
China,CHN,2017,2.5,1880,614070140.0,6.1108003,100489464.0,1412354730.0,16757.973,Asia,0.343641,127.3003833093765,154.87924493743327,0.07340571080959381,-0.883890112635106,-0.9572958234446998,,
China,CHN,2018,2.5,1880,609946700.0,6.122,99631504.0,1419008954.0,17806.791,Asia,0.263885,127.53369581067851,153.8392411460996,0.08063547092101152,-0.883890112635106,-0.9645255835561175,,
China,CHN,2019,2.5,1882,613438340.0,6.2651005,97913144.0,1423520357.0,18820.514,Asia,0.399228,130.51476991021394,154.71989391125985,0.1730113637417025,-0.883890112635106,-1.0569014763768085,,
China,CHN,2020,2.5,1885,616632000.0,6.2961006,97939472.0,1426106093.0,19215.154,Asia,0.432163,131.1605649646897,155.52539090120774,0.19302290748215586,-0.883890112635106,-1.0769130201172619,11169868.0,197.0522609235633
China,CHN,2021,2.5,1890,632772800.0,6.3175,100162416.0,1426437269.0,20843.297,Asia,0.273691,131.60635793596234,159.59638337233835,0.20683689611830375,-0.883890112635106,-1.0907270087534098,,
China,CHN,2022,2.5,1894,633134300.0,6.3813,99216912.0,1425179562.0,21499.383,Asia,0.300865,132.9354415349041,159.68756000412324,0.24802181134893012,-0.883890112635106,-1.131911923984036,,
India,IND,2001,18.3,1723,242963790.0,2.4231002,100271104.0,1077898579.0,3188.8103,Asia,0.092416,100.0,100.0,-0.7725636272030887,0.9632117262847123,1.735775353487801,,
India,IND,2002,19.9,1728,206636700.0,2.1873002,94470896.0,1097600380.0,3250.6956,Asia,0.004266,90.26866491117454,85.04835226681308,-1.074112913518266,1.1502600137702632,2.2243729272885293,,
India,IND,2003,21.5,1733,236592700.0,2.3994,98603104.0,1116803000.0,3445.926,Asia,0.008699,99.02190590384996,97.37776151746728,-0.8028722717981986,1.3373083012558147,2.140180573054013,,
India,IND,2004,22.0,1739,229845500.0,2.3500001,97805696.0,1135991509.0,3656.1262,Asia,0.070052,96.98319945662999,94.60072218991974,-0.8660465915142339,1.3957608910950494,2.2618074826092833,,
India,IND,2005,21.4,1744,239997490.0,2.4116,99519200.0,1154676321.0,3881.966,Asia,0.092185,99.5253931306679,98.7791184851043,-0.7872704851440633,1.3256177832879676,2.112888268432031,9500673.0,122.135583519909
India,IND,2006,19.2,1750,242785580.0,2.4465,99236800.0,1172878888.0,4129.7783,Asia,0.044091,100.96569675492577,99.92665162162642,-0.7426391446334625,1.0684263879953346,1.8110655326287972,,
India,IND,2007,16.8,1754,260485900.0,2.5833,100833504.0,1190676028.0,4379.696,Asia,0.036684,106.6113568064581,107.2118195061083,-0.56769452051168,0.7878539567670081,1.355548477278688,,
India,IND,2008,15.6,1757,266835300.0,2.6379,101155504.0,1207930960.0,4450.39,Asia,0.095789,108.86466849369252,109.82513073244371,-0.4978701310595645,0.6475677411528445,1.145437872212409,,
India,IND,2009,15.3,1761,250783400.0,2.5808,97171600.0,1225524764.0,4731.362,Asia,0.034867,106.50818319440525,103.21842608727827,-0.5708916079408062,0.6124961872493038,1.18338779519011,,
India,IND,2010,14.8,1764,267838300.0,2.6764,100075800.0,1243481565.0,5059.2827,Asia,0.13055,110.45354211930652,110.23794944917513,-0.4486349846510219,0.554043597410069,1.0026785820610908,12350515.0,158.77163189348678
India,IND,2011,14.3,1767,287860000.0,2.8607001,100625696.0,1261224956.0,5249.5493,Asia,0.011309,118.05950492678758,118.47856011795008,-0.21294557149234666,0.4955910075708343,0.708536579063181,,
India,IND,2012,13.5,1771,293290000.0,2.9635,98969000.0,1278674501.0,5460.4375,Asia,0.039828,122.30199972745659,120.71346104701446,-0.08148146429017658,0.4020668638280586,0.4835483281182352,,
India,IND,2013,12.9,1774,295669500.0,2.9775002,99299952.0,1295829507.0,5732.2417,Asia,0.06705,122.87978020884157,121.69282509134385,-0.06357751892007543,0.33192375602097696,0.39550127494105236,,
India,IND,2014,12.6,1777,297113500.0,2.9664001,100160240.0,1312277184.0,6079.8438,Asia,0.106208,122.42168524438239,122.28715233656835,-0.07777271498889302,0.296852202117436,0.37462491710632906,,
India,IND,2015,12.2,1781,285997000.0,2.854,100210200.0,1328024494.0,6488.146,Asia,0.255577,117.78299551954146,117.71177919145894,-0.22151389368590144,0.25009013024604815,0.47160402393194956,15277263.0,196.3963427740451
India,IND,2016,11.5,1785,295359000.0,2.9951003,98613400.0,1343944296.0,6940.626,Asia,0.439195,123.60612656463815,121.565028270262,-0.041069895535530726,0.1682565044711196,0.20932640000665031,,
India,IND,2017,10.5,1788,311410340.0,3.1277,99566816.0,1359657398.0,7326.607,Asia,0.343641,129.07844256708822,128.17150242840714,0.1285032380548278,0.051351324792650095,-0.07715191326217771,,
India,IND,2018,10.3,1791,321550660.0,3.278,98093072.0,1374659067.0,7714.34,Asia,0.263885,135.281240123706,132.34509553872203,0.32071213429389206,0.027970288856956276,-0.29274184543693577,,
India,IND,2019,11.6,1794,324951330.0,3.4160001,95126096.0,1389030307.0,7930.0913,Asia,0.399228,140.97642763596818,133.74475678042396,0.497191488265152,0.17994702243896651,-0.3172444658261855,,
India,IND,2020,13.1,1797,342151900.0,3.3838003,101113920.0,1402617694.0,7399.531,Asia,0.432163,139.64755976661633,140.82423557847858,0.456013257945001,0.35530479195667075,-0.10070846598833028,16532761.0,212.5363552592742
India,IND,2021,14.0,1800,355108300.0,3.4978,101522008.0,1414203896.0,8050.0186,Asia,0.273691,144.35226409539317,146.1568820604914,0.6018000610626619,0.46051945366729335,-0.14128060739536857,,
India,IND,2022,13.7,1803,362466720.0,3.5891004,100990760.0,1425423209.0,8594.392,Asia,0.300865,148.12018091534142,149.18548973902654,0.7185582055083369,0.4254478997637524,-0.2931103057445845,,
Mexico,MEX,2001,3.0,1792,31060786.0,2.8552,10878644.0,100099101.0,20078.219,North America,0.092416,100.0,100.0,-0.7725636272030887,-0.8254375227958712,-0.05287389559278255,,
Mexico,MEX,2002,3.4,1795,28773236.0,2.9131002,9877131.0,101548627.0,19744.793,North America,0.004266,102.02788596245446,92.63524754331715,-0.7097246067475186,-0.7786754509244834,-0.06895084417696484,,
Mexico,MEX,2003,4.0,1798,31336228.0,2.9640002,10572308.0,102978517.0,19701.463,North America,0.008699,103.81059820678063,100.88678374075917,-0.6544828952993964,-0.7085323431174017,-0.05404944781800525,,
Mexico,MEX,2004,4.3,1801,32315036.0,3.0786002,10496782.0,104394131.0,20127.225,North America,0.070052,107.82432754272907,104.03804977761992,-0.530107647127398,-0.6734607892138609,-0.14335314208646288,,
Mexico,MEX,2005,4.1,1805,29062836.0,3.1308002,9282902.0,105811504.0,20277.256,North America,0.092185,109.6525707481087,93.56761287367293,-0.47345504717470827,-0.6968418251495548,-0.22338677797484657,11329536.0,120.94303563225961
Mexico,MEX,2006,3.8,1808,32158036.0,3.2133002,10007761.0,107253666.0,20965.826,North America,0.044091,112.54203558419727,103.53258929120469,-0.38391789207706456,-0.7319133790530956,-0.34799548697603105,,
Mexico,MEX,2007,3.8,1811,34313188.0,3.3530002,10233546.0,108774356.0,21102.27,North America,0.036684,117.43486270664052,110.47108724164289,-0.23230164277838952,-0.7319133790530956,-0.4996117362747061,,
Mexico,MEX,2008,4.1,1815,36109144.0,3.4523003,10459480.0,110374286.0,20992.56,North America,0.095789,120.91273115718688,116.2531559890339,-0.12453135847643264,-0.6968418251495548,-0.5723104666731222,,
Mexico,MEX,2009,4.2,1818,31285670.0,3.4337,9111485.0,111999720.0,19385.543,North America,0.034867,120.2612776688148,100.72401258615929,-0.1447182426699195,-0.6851513071817078,-0.5404330645117883,,
Mexico,MEX,2010,4.1,1821,34925200.0,3.5012002,9975294.0,113623898.0,20058.385,North America,0.13055,122.62539226674139,112.44145592452168,-0.0714603532575327,-0.6968418251495548,-0.6253814718920221,12108928.0,129.26306166223102
Mexico,MEX,2011,3.9,1824,28408736.0,3.2405002,8766907.0,115243503.0,20457.6,North America,0.011309,113.49468338470162,91.46174214651232,-0.35439776336608386,-0.7202228610852486,-0.3658250977191647,,
Mexico,MEX,2012,3.8,1827,33614212.0,3.4534001,9733658.0,116818208.0,20898.936,North America,0.039828,120.95125035023817,108.22073852219967,-0.12333774680156699,-0.7319133790530956,-0.6085756322515287,,
Mexico,MEX,2013,3.8,1830,33210300.0,3.3869,9805578.0,118343572.0,20805.348,North America,0.06705,118.62216307088819,106.92034644583688,-0.1955102288344011,-0.7319133790530956,-0.5364031502186946,,
Mexico,MEX,2014,3.8,1833,36526604.0,3.5819001,10197589.0,119784265.0,21069.766,North America,0.106208,125.45181073129727,117.5971657639314,0.016123155380821777,-0.7319133790530956,-0.7480365344339174,,
Mexico,MEX,2015,3.7,1836,34704516.0,3.4701002,10000892.0,121072310.0,21408.928,North America,0.255577,121.53615158307649,111.7309652112474,-0.10521314748222008,-0.7436038970209425,-0.6383907495387224,12184226.0,130.06686939955034
Mexico,MEX,2016,3.7,1840,38464940.0,3.7488003,10260493.0,122251344.0,21578.264,North America,0.439195,131.29729265900812,123.83762600212371,0.19725975045024777,-0.7436038970209425,-0.9408636474711903,,
Mexico,MEX,2017,3.8,1843,37487836.0,3.7997,9865991.0,123400052.0,21777.523,North America,0.343641,133.0799943961894,120.69184598226201,0.25250113630871396,-0.7319133790530956,-0.9844145153618096,,
Mexico,MEX,2018,3.6,1846,36068400.0,3.8263001,9426335.0,124573713.0,21997.773,North America,0.263885,134.01163140935836,116.12198094407526,0.2813701942397787,-0.7552944149887896,-1.0366646092285683,,
Mexico,MEX,2019,3.5,1849,36164104.0,3.9924002,9058298.0,125762978.0,21704.186,North America,0.399228,139.82909078173157,116.43009935421466,0.4616384416995846,-0.7669849329566365,-1.2286233746562212,,
Mexico,MEX,2020,3.2,1852,36374788.0,3.8065002,9555894.0,126799053.0,19728.482,North America,0.432163,133.31816335107874,117.10839513204849,0.2598813855462297,-0.8020564868601773,-1.061937872406407,11452717.0,122.25799540397642
Mexico,MEX,2021,3.2,1855,36582136.0,3.8789,9431131.0,127648151.0,20782.588,North America,0.273691,135.85388063883443,117.77595067941937,0.3384568052024523,-0.8020564868601773,-1.1405132920626295,,
Mexico,MEX,2022,3.1,1859,36330010.0,3.9502,9196992.0,128613116.0,21391.857,North America,0.300865,138.35107873353883,116.9642326501332,0.41583861318380927,-0.8137470048280243,-1.2295856180118336,,
Philippines,PHL,2001,18.8,1696,17480298.0,2.6678002,6552289.0,81401488.0,4778.401,Asia,0.092416,100.0,100.0,-0.7725636272030887,1.0216643161239471,1.7942279433270358,,
Philippines,PHL,2002,18.6,1698,17590070.0,2.7306,6441894.0,83068889.0,4856.4995,Asia,0.004266,102.35399187690292,100.62797556426098,-0.6996194151301821,0.9982832801882533,1.6979026953184353,,
Philippines,PHL,2003,17.3,1701,18115690.0,2.8234,6416363.0,84731836.0,5003.3833,Asia,0.008699,105.83251324443263,103.63490370701918,-0.5918288985940505,0.8463065466062428,1.4381354452002935,,
Philippines,PHL,2004,16.2,1703,19910352.0,2.9923003,6653886.0,86394510.0,5229.4507,Asia,0.070052,112.16358331482246,113.90167375865103,-0.39564516389461596,0.7177108489599262,1.113356012854542,,
Philippines,PHL,2005,14.6,1706,19856348.0,3.0490003,6512315.0,88015959.0,5386.8164,Asia,0.092185,114.28892988312992,113.59273165709189,-0.329786087519631,0.5306625614743751,0.8604486489940061,3925727.0,118.59836947622762
Philippines,PHL,2006,13.4,1709,21408902.0,3.1808002,6730683.0,89508992.0,5578.5723,Asia,0.044091,119.2293260942105,122.47446811261456,-0.1766957933341734,0.3903763458602117,0.5670721391943851,,
Philippines,PHL,2007,12.2,1712,22977304.0,3.3198001,6921286.0,91075180.0,5840.068,Asia,0.036684,124.43960758380632,131.4468666380859,-0.01524244183125742,0.25009013024604815,0.26533257207730554,,
Philippines,PHL,2008,11.3,1714,23744012.0,3.3343003,7121079.0,92699091.0,5987.0376,Asia,0.095789,124.98313404429612,135.83299323615648,0.0016000586846605957,0.1448754685354258,0.1432754098507652,,
Philippines,PHL,2009,12.2,1717,23300700.0,3.2289,7216272.0,94384256.0,5965.307,Asia,0.034867,121.03230219414482,133.29692663134233,-0.1208261566177447,0.25009013024604815,0.37091628686379285,,
Philippines,PHL,2010,13.1,1719,22149368.0,3.2319,6853269.0,96337127.0,6273.039,Asia,0.13055,121.14475439352618,126.71047141187182,-0.11734154940213645,0.35530479195667075,0.47264634135880723,4941994.0,149.30035388637572
Philippines,PHL,2011,13.6,1722,23655648.0,3.3406003,7081336.0,98248614.0,6388.313,Asia,0.011309,125.21928366299697,135.32748697991303,0.008917733837437339,0.41375738179590554,0.4048396479584682,,
Philippines,PHL,2012,12.9,1725,25440478.0,3.4926002,7284199.0,100175511.0,6697.556,Asia,0.039828,130.91685801657863,145.53801085084476,0.18547104994132002,0.33192375602097696,0.14645270607965694,,
Philippines,PHL,2013,12.1,1728,25817440.0,3.5318003,7309980.0,102076334.0,7016.5386,Asia,0.06705,132.38623717023486,147.69450726755343,0.23100336704550026,0.23839961227820128,0.007396245232701021,,
Philippines,PHL,2014,11.4,1731,26739122.0,3.6374002,7351234.0,103767127.0,7340.362,Asia,0.106208,136.34455084005168,152.96719769880355,0.3536614248813176,0.1565659865032727,-0.19709543837804488,,
Philippines,PHL,2015,10.0,1733,25669246.0,3.5561004,7218290.0,105312988.0,7691.763,Asia,0.255577,133.29710373363045,146.84672995849382,0.2592288016454971,-0.00710126504658466,-0.26633006669208176,6000348.0,181.27380968924825
Philippines,PHL,2016,8.6,1736,24846678.0,3.5290003,7040630.0,106735721.0,8131.825,Asia,0.439195,132.2812817841456,142.14104359090445,0.22775106697759928,-0.17076851659644202,-0.39851958357404127,,
Philippines,PHL,2017,7.1,1739,27191820.0,3.6923003,7364502.0,108119691.0,8584.136,Asia,0.343641,138.40242983713696,155.55695904040078,0.4174298530805112,-0.34612628611414625,-0.7635561391946575,,
Philippines,PHL,2018,6.0,1741,26838576.0,3.6705003,7311944.0,109465284.0,9016.286,Asia,0.263885,137.58527718829922,153.53614680939648,0.39210837398043014,-0.4747219837604627,-0.8668303577408929,,
Philippines,PHL,2019,5.6,1743,26794250.0,3.7379,7168316.0,110804685.0,9452.294,Asia,0.399228,140.11169202251352,153.28256989669168,0.4703955342970268,-0.5214840556318505,-0.9918795899288773,,
Philippines,PHL,2020,5.8,1746,27413962.0,3.7694001,7272792.0,112081270.0,8455.185,Asia,0.432163,141.29244386442434,156.82777261577576,0.506984026214482,-0.4981030196961566,-1.0050870459106387,6461086.0,195.19295780009196
Philippines,PHL,2021,6.0,1748,28247960.0,3.8329,7369907.0,113100947.0,8857.79,Asia,0.273691,143.67267833625624,161.59884688464695,0.5807414294579379,-0.4747219837604627,-1.0554634132184006,,
Philippines,PHL,2022,5.9,1750,28012590.0,3.8215,7330167.0,113964343.0,9457.104,Asia,0.300865,143.2453599786071,160.25235954215427,0.5674999220386282,-0.4864125017283096,-1.0539124237669377,,
Russia,RUS,2001,4.1,1933,83303480.0,1.9347,43057500.0,146117290.0,21219.904,Europe,0.092416,100.0,100.0,-0.7725636272030887,-0.6968418251495548,0.07572180205353385,,
Russia,RUS,2002,3.4,1937,84730330.0,1.9691001,43030600.0,145939502.0,22319.678,Europe,0.004266,101.77805861373857,101.71283360551084,-0.7174661199129423,-0.7786754509244834,-0.061209331011541135,,
Russia,RUS,2003,2.9,1940,65335464.0,1.7774001,36759400.0,145794230.0,24057.928,Europe,0.008699,91.86954566599472,78.43065379741638,-1.024505696760715,-0.8371280407637182,0.18737765599699674,,
Russia,RUS,2004,2.5,1941,75986000.0,1.8765001,40493400.0,145180091.0,25894.146,Europe,0.070052,96.99178684033699,91.21587717583948,-0.865780490367318,-0.883890112635106,-0.018109622267788006,,
Russia,RUS,2005,2.5,1942,76192100.0,1.8527,41123848.0,144597886.0,27656.658,Europe,0.092185,95.76161678813251,91.46328580750767,-0.9039003267415207,-0.883890112635106,0.02001021410641468,8675250.0,97.70008795570006
Russia,RUS,2006,2.5,1942,76494550.0,1.8869001,40540700.0,144102948.0,30022.672,Europe,0.044091,97.52933788184215,91.8263558737282,-0.849123152864882,-0.883890112635106,-0.034766959770223926,,
Russia,RUS,2007,2.5,1940,80207510.0,1.9898001,40309248.0,143859767.0,32630.37,Europe,0.036684,102.84799193673437,96.28350460268886,-0.6843116116148261,-0.883890112635106,-0.19957850102027985,,
Russia,RUS,2008,2.5,1937,106417890.0,2.3873003,44576100.0,143811837.0,34342.227,Europe,0.095789,123.3938233317827,127.74723216845203,-0.0476486319335281,-0.883890112635106,-0.8362414807015779,,
Russia,RUS,2009,2.5,1934,95615470.0,2.2806003,41926224.0,143869128.0,31654.004,Europe,0.034867,117.8787563963405,114.77968267352097,-0.21854650804024345,-0.883890112635106,-0.6653436045948625,,
Russia,RUS,2010,2.5,1931,59619070.0,1.8427,32353784.0,143934468.0,33063.586,Europe,0.13055,95.24474078668527,71.56852270757477,-0.9199169974169388,-0.883890112635106,0.0360268847818328,8545806.0,96.24229824527816
Russia,RUS,2011,2.5,1927,91780910.0,2.2603002,40606420.0,144043751.0,34444.645,Europe,0.011309,116.82949294464258,110.17656165144601,-0.2510605096780493,-0.883890112635106,-0.6328296029570566,,
Russia,RUS,2012,2.5,1924,68753480.0,1.8589001,36986404.0,144291025.0,35740.7,Europe,0.039828,96.08208507778984,82.53374288805222,-0.8939698307560539,-0.883890112635106,0.010079718120947878,,
Russia,RUS,2013,2.5,1919,90364970.0,2.2410002,40323672.0,144604105.0,36260.066,Europe,0.06705,115.8319222618494,108.47682473769402,-0.28197268408160653,-0.883890112635106,-0.6019174285534994,,
Russia,RUS,2014,2.5,1915,103135896.0,2.444,42199748.0,144925639.0,35853.246,Europe,0.106208,126.32449475370858,123.80742797299705,0.04316541029597441,-0.883890112635106,-0.9270555229310804,,
Russia,RUS,2015,2.5,1911,102444500.0,2.3917,42832720.0,145307612.0,35037.152,Europe,0.255577,123.62123326613946,122.97745544363814,-0.040601777336463946,-0.883890112635106,-0.843288335298642,8528582.0,96.04832270394516
Russia,RUS,2016,2.5,1907,117753224.0,2.6508002,44421992.0,145778668.0,35005.45,Europe,0.439195,137.0135008011578,141.35450763881653,0.37439048019704196,-0.883890112635106,-1.2582805928321479,,
Russia,RUS,2017,2.5,1905,131294830.0,2.9671001,44250456.0,146186798.0,35570.39,Europe,0.343641,153.3622835581744,157.610258298933,0.8809976134938223,-0.883890112635106,-1.7648877261289284,,
Russia,RUS,2018,2.5,1905,109839130.0,2.6156,41993292.0,146430146.0,36536.695,Europe,0.263885,135.19408693854345,131.85419144554345,0.318011479086156,-0.883890112635106,-1.201901591721262,,
Russia,RUS,2019,2.5,1905,117878700.0,2.7132,43445584.0,146533063.0,37319.32,Europe,0.399228,140.23879671266863,141.50513279877384,0.4743341848782402,-0.883890112635106,-1.3582242975133463,,
Russia,RUS,2020,2.5,1906,130039890.0,2.9048002,44767340.0,146371295.0,36376.336,Europe,0.432163,150.142151237918,156.1037906219524,0.781213915352671,-0.883890112635106,-1.665104027987777,8747396.0,98.51259140466718
Russia,RUS,2021,2.5,1907,117575100.0,2.7054,43460072.0,145836172.0,38638.43,Europe,0.273691,139.83563343153978,141.14068223800493,0.46184118175141387,-0.883890112635106,-1.3457312943865198,,
Russia,RUS,2022,2.5,1909,153095540.0,3.4288,44650228.0,145579889.0,38214.496,Europe,0.300865,177.22644337623404,183.78048552113307,1.620487138411187,-0.883890112635106,-2.504377251046293,,
Syria,SYR,2001,7.7,1745,5161232.0,1.6926,3049377.0,17051337.0,7698.397,Asia,0.092416,100.0,100.0,-0.7725636272030887,-0.2759831783070645,0.4965804488960242,,
Syria,SYR,2002,7.3,1748,5932429.0,1.9935001,2975861.0,17468335.0,7811.816,Asia,0.004266,117.77738981448658,114.94211072085115,-0.22168760020645198,-0.32274525017845235,-0.10105764997200037,,
Syria,SYR,2003,6.9,1751,6227315.0,1.9990001,3115150.0,17889297.0,8177.545,Asia,0.008699,118.10233368781755,120.65559153318432,-0.21161841728334405,-0.3695073220498401,-0.15788890476649606,,
Syria,SYR,2004,6.5,1754,5281248.0,1.6575,3186202.0,18336879.0,8528.656,Asia,0.070052,97.92626728110598,102.32533627629992,-0.836823321857833,-0.4162693939212279,0.4205539279366051,,
Syria,SYR,2005,6.2,1756,5631256.0,1.7114002,3290415.0,18814092.0,8828.946,Asia,0.092185,101.11072905589033,109.10681790704236,-0.738144963059268,-0.45134094782476875,0.2868040152344993,547473.0,143.2770316245669
Syria,SYR,2006,6.0,1762,6302288.0,2.0023003,3147586.0,19637016.0,8885.806,Asia,0.044091,118.29731182795697,122.108209822771,-0.20557654137737305,-0.4747219837604627,-0.2691454423830897,,
Syria,SYR,2007,5.8,1771,5010856.0,1.6224,3088482.0,20884136.0,8829.309,Asia,0.036684,95.85253456221197,97.08643207668247,-0.901083016512577,-0.4981030196961566,0.40297999681642044,,
Syria,SYR,2008,5.5,1772,2684688.0,0.8967001,2993982.0,21636566.0,8903.772,Asia,0.095789,52.977673401866944,52.01641778552097,-2.229665751127343,-0.5331745735996974,1.6964911775276459,,
Syria,SYR,2009,5.2,1769,4738674.0,1.7077,2774850.0,21976971.0,9284.102,Asia,0.034867,100.89211863405411,91.81284623516245,-0.7449191431778285,-0.5682461275032383,0.17667301567459015,,
Syria,SYR,2010,5.2,1770,3900866.0,1.2319001,3166445.0,22482417.0,9546.561,Asia,0.13055,72.78152546378352,75.5801328055007,-1.6159948209771948,-0.5682461275032383,1.0477486934739564,1265925.0,331.300313000513
Syria,SYR,2011,5.9,1771,4826260.0,1.6790001,2874494.0,22878104.0,9648.824,Asia,0.011309,99.1965083303793,93.50984416123902,-0.7974617873550843,-0.4864125017283096,0.31104928562677475,,
Syria,SYR,2012,7.1,1768,4597674.0,1.6435001,2797563.0,22759763.0,7144.3726,Asia,0.039828,97.09914332978849,89.08094036462612,-0.8624537862224183,-0.34612628611414625,0.5163275001082721,,
Syria,SYR,2013,8.2,1758,4205161.0,1.5760001,2668191.0,21666921.0,5530.9746,Asia,0.06705,93.11119579345385,81.4759150528401,-0.9860301220969264,-0.21753058846782986,0.7684995336290965,,
Syria,SYR,2014,9.1,1748,2694208.0,1.0631,2534198.0,20273661.0,5301.6255,Asia,0.106208,62.80869667966441,52.200869869829525,-1.9250273817660917,-0.11231592675720725,1.8127114550088845,,
Syria,SYR,2015,10.8,1747,4383804.0,1.9058001,2300226.0,19424615.0,5302.074,Asia,0.255577,112.59601205246366,84.93716228993388,-0.3822452988167383,0.08642287869619103,0.46866817751292933,5981460.0,1565.3846556470946
Syria,SYR,2016,13.4,1756,2661613.0,1.1089001,2400266.0,19193835.0,5022.113,Asia,0.439195,65.5145988420182,51.56933460848108,-1.84117836634852,0.3903763458602117,2.2315547122087316,,
Syria,SYR,2017,17.6,1768,2934757.2,1.2334001,2379322.0,19224671.0,4977.792,Asia,0.343641,72.87014652014652,56.86156328566513,-1.6132486801799835,0.8813781005097837,2.4946267806897673,,
Syria,SYR,2018,21.8,1783,1733917.9,0.75000006,2312042.0,19577849.0,4956.093,Asia,0.263885,44.310531726338176,33.59503893643998,-2.498238394325028,1.3723798551593556,3.8706182494843837,,
Syria,SYR,2019,26.4,1799,6356136.0,2.2039,2884101.0,20353536.0,4825.4062,Asia,0.399228,130.2079640789318,123.15152661225073,0.16350423253966426,1.9101436816803152,1.746639449140651,,
Syria,SYR,2020,29.6,1812,5322400.5,1.8323002,2904822.0,21049431.0,4633.3496,Asia,0.432163,108.25358619874747,103.1226749737272,-0.5168060148040386,2.284240256651418,2.8010462714554567,8652202.0,2264.334167303485
Syria,SYR,2021,32.2,1822,2514776.5,0.82040006,3065229.0,21628837.0,4592.8384,Asia,0.273691,48.46981330497459,48.72434527260158,-2.369352852909245,2.588193723815439,4.957546576724685,,
Syria,SYR,2022,34.0,1831,2276238.0,0.9499001,2396243.0,22462170.0,4454.8535,Asia,0.300865,56.120766867541064,44.10260960948859,-2.1322692908529164,2.7986230472366835,4.9308923380896,,
Ukraine,UKR,2001,3.0,1928,38886120.0,2.7295,14246649.0,49106854.0,11379.386,Europe,0.092416,100.0,100.0,-0.7725636272030887,-0.8254375227958712,-0.05287389559278255,,
Ukraine,UKR,2002,2.5,1932,37984708.0,2.7522001,13801680.0,48677280.0,12092.789,Europe,0.004266,100.83165781278622,97.68191838116017,-0.7467926700204401,-0.883890112635106,-0.13709744261466583,,
Ukraine,UKR,2003,2.5,1935,27493984.0,2.2784,12067200.0,48315133.0,13342.88,Europe,0.008699,83.47316358307383,70.70385011412813,-1.284688189874302,-0.883890112635106,0.4007980772391959,,
Ukraine,UKR,2004,2.5,1937,40996700.0,2.8452,14409100.0,47979502.0,15021.066,Europe,0.070052,104.23887158820297,105.42759215884743,-0.6412117941260339,-0.883890112635106,-0.24267831850907207,,
Ukraine,UKR,2005,2.5,1939,37258000.0,2.6230001,14204100.0,47585558.0,15610.573,Europe,0.092185,96.09819014471516,95.81310760754738,-0.8934707757555777,-0.883890112635106,0.009580663120471677,5401295.0,98.49924957919903
Ukraine,UKR,2006,2.5,1939,33518622.0,2.4277,13806906.0,47278691.0,16901.508,Europe,0.044091,88.94302985894853,86.19687950353494,-1.1151909670704618,-0.883890112635106,0.23130085443535586,,
Ukraine,UKR,2007,2.5,1939,28945258.0,2.2067,13117187.0,47062802.0,18374.014,Europe,0.036684,80.84630884777432,74.43596326915619,-1.3660877268805665,-0.883890112635106,0.4821976142454605,,
Ukraine,UKR,2008,2.5,1937,52747336.0,3.4869,15127168.0,46819168.0,18883.986,Europe,0.095789,127.74867191793369,135.64566482847863,0.0872970328881927,-0.883890112635106,-0.9711871455232987,,
Ukraine,UKR,2009,2.5,1934,45413412.0,3.0038002,15118548.0,46623731.0,16092.796,Europe,0.034867,110.04946693533614,116.78566028186921,-0.46115624532406774,-0.883890112635106,-0.42273386731103824,,
Ukraine,UKR,2010,2.5,1931,38685988.0,2.7266002,14188229.0,46455997.0,16811.795,Europe,0.13055,99.89376076204434,99.48533821322364,-0.7758557105700448,-0.883890112635106,-0.10803440206506121,5179224.0,94.44951208970765
Ukraine,UKR,2011,2.5,1928,56263264.0,3.7537,14988910.0,46307854.0,17783.957,Europe,0.011309,137.5233559259938,144.6872663047895,0.39018959179016566,-0.883890112635106,-1.2740797044252716,,
Ukraine,UKR,2012,2.5,1926,45750172.0,3.1568003,14492405.0,46210051.0,17848.74,Europe,0.039828,115.65489283751604,117.65167622791886,-0.2874583750045108,-0.883890112635106,-0.5964317376305952,,
Ukraine,UKR,2013,2.5,1923,62687580.0,4.0308003,15552166.0,46126760.0,17889.092,Europe,0.06705,147.6754094156439,161.2081123033103,0.7047758696743642,-0.883890112635106,-1.5886659823094702,,
Ukraine,UKR,2014,2.5,1921,63388560.0,4.4002004,14405800.0,45972379.0,16978.812,Europe,0.106208,161.20902729437628,163.0107606518727,1.1241482143057153,-0.883890112635106,-2.008038326940821,,
Ukraine,UKR,2015,2.5,1920,59627180.0,4.1409,14399520.0,45784904.0,15403.71,Europe,0.255577,151.70910423154427,153.33795194789298,0.8297697972131183,-0.883890112635106,-1.7136599098482241,4644011.0,84.68924554899255
Ukraine,UKR,2016,2.5,1920,65217850.0,4.6516004,14020400.0,45616831.0,15856.8125,Europe,0.439195,170.41950540392017,167.71498416401533,1.4095574695829116,-0.883890112635106,-2.2934475822180174,,
Ukraine,UKR,2017,2.6,1920,60735684.0,4.3146005,14076803.0,45436037.0,16310.36,Europe,0.343641,158.07292544422054,156.18859377073363,1.0269684063868503,-0.872199594667259,-1.8991680010541092,,
Ukraine,UKR,2018,3.0,1921,69154570.0,4.8503,14257804.0,45208903.0,16978.984,Europe,0.263885,177.6992123099469,177.83869925824433,1.6351370434089914,-0.8254375227958712,-2.460574566204863,,
Ukraine,UKR,2019,3.7,1922,74481800.0,4.9783,14961169.0,44957451.0,17636.555,Europe,0.399228,182.3887158820297,191.5382660959746,1.7804528137967444,-0.7436038970209425,-2.524056710817687,,
Ukraine,UKR,2020,4.3,1924,64374480.0,4.2955003,14986392.0,44680008.0,17092.54,Europe,0.432163,157.37315625572447,165.54616402973605,1.005284341718411,-0.6734607892138609,-1.6787451309322718,4353031.0,79.38286779281457
Ukraine,UKR,2021,5.3,1925,85368060.0,5.4546003,15650689.0,44298642.0,17846.408,Europe,0.273691,199.8388093057337,219.53349935658278,2.321186759346884,-0.5565556095353914,-2.8777423688822754,,
Ukraine,UKR,2022,5.8,1921,53535588.0,4.6141005,11602583.0,41048768.0,13787.121,Europe,0.300865,169.04563106796118,137.67274287072098,1.3669846035050695,-0.4981030196961566,-1.8650876232012261,,
United Arab Emirates,ARE,2001,3.3,1981,3642.89,17.476902,208.0,3723596.0,90750.34,Asia,0.092416,100.0,100.0,-0.7725636272030887,-0.7903659688923304,-0.017802341689241663,,
United Arab Emirates,ARE,2002,4.1,1987,3133.91,18.0646,173.0,3956829.0,87479.24,Asia,0.004266,103.3627126821447,86.02812602082412,-0.6683617268340284,-0.6968418251495548,-0.028480098315526448,,
United Arab Emirates,ARE,2003,5.3,1995,2372.56,20.927801,113.0,4192465.0,89828.555,Asia,0.008699,119.74548464024114,65.12851060559062,-0.16070135477458158,-0.5565556095353914,-0.3958542547608098,,
United Arab Emirates,ARE,2004,6.8,2001,2210.4,20.3736,108.0,4428964.0,93166.15,Asia,0.070052,116.57443636177625,60.6770997751785,-0.2589640634896582,-0.3811978400176871,-0.12223377652802886,,
United Arab Emirates,ARE,2005,7.8,2010,2156.96,20.2152,107.0,4664797.0,92750.914,Asia,0.092185,115.66809724057504,59.21013261449015,-0.2870492041885526,-0.2642926603392176,0.02275654384933501,86261.0,91.93622304880257
United Arab Emirates,ARE,2006,8.1,2028,2216.51,20.900803,106.0,5009106.0,94872.54,Asia,0.044091,119.5910064609849,60.844823752570086,-0.16548824005607599,-0.22922110643567675,-0.06373286637960077,,
United Arab Emirates,ARE,2007,8.1,2051,1860.0,21.4286,87.0,5624640.0,87180.61,Asia,0.036684,122.61097533189806,51.05836300300036,-0.0719070973448727,-0.22922110643567675,-0.15731400909080406,,
United Arab Emirates,ARE,2008,7.5,2062,2378.0,22.265902,107.0,6302669.0,80285.19,Asia,0.095789,127.40188163783262,65.277842592008,0.07655088546741351,-0.29936421424275844,-0.37591509971017195,,
United Arab Emirates,ARE,2009,7.8,2067,3401.0,24.7166,138.0,6707063.0,71488.99,Asia,0.034867,141.4243783022872,93.3599422436582,0.5110723383746117,-0.2642926603392176,-0.7753649987138294,,
United Arab Emirates,ARE,2010,7.1,2070,5336.0,18.069801,295.0,6938372.0,70913.78,Asia,0.13055,103.3924719609917,146.47711020645698,-0.6674395625867124,-0.34612628611414625,0.3213132764725662,108381.0,115.51152653287433
United Arab Emirates,ARE,2011,6.5,2066,4590.17,24.064302,191.0,7199436.0,73190.4,Asia,0.011309,137.69203489268293,126.00353016423773,0.39541652330133076,-0.4162693939212279,-0.8116859172225587,,
United Arab Emirates,ARE,2012,5.1,2063,3779.0,12.112201,312.0,7497122.0,73644.055,Asia,0.039828,69.3040505691455,103.73631924104214,-1.7237529099840352,-0.5799366454710853,1.14381626451295,,
United Arab Emirates,ARE,2013,4.6,2059,772.0,36.7619,21.0,7831851.0,74237.22,Asia,0.06705,210.34563219499657,21.191965719524884,2.6467664372407627,-0.63838923531032,-3.285155672551083,,
United Arab Emirates,ARE,2014,4.5,2057,2580.0,14.238401,181.0,8236880.0,74145.11,Asia,0.106208,81.46982228314835,70.82289061706503,-1.3467666337593496,-0.6500797532781669,0.6966868804811827,,
United Arab Emirates,ARE,2015,4.6,2054,3695.0,35.2913,105.0,8674633.0,75238.555,Asia,0.255577,201.9310973992988,101.43045768606794,2.386021437797614,-0.63838923531032,-3.0244106731079343,121499.0,129.49257676361813
United Arab Emirates,ARE,2016,4.4,2051,5988.0,33.396503,179.0,9030873.0,75671.055,Asia,0.439195,191.08937613771596,164.37498799030442,2.050064112413499,-0.6617702712460138,-2.7118343836595127,,
United Arab Emirates,ARE,2017,4.2,2049,17143.0,30.801802,557.0,9234330.0,72529.055,Asia,0.343641,176.2429176521102,470.5879123443201,1.5900101815008523,-0.6851513071817078,-2.27516148868256,,
United Arab Emirates,ARE,2018,3.6,2046,8169.54,20.853302,392.0,9346870.0,72671.06,Asia,0.263885,119.31921343954437,224.2598596169525,-0.1739104134673021,-0.7552944149887896,-0.5813840015214875,,
United Arab Emirates,ARE,2019,3.3,2043,26072.05,23.842302,1094.0,9377855.0,72822.97,Asia,0.399228,136.4217868819085,715.696878028159,0.3560547730793956,-0.7903659688923304,-1.1464207419717258,,
United Arab Emirates,ARE,2020,3.1,2041,26405.0,18.9827,1391.0,9448529.0,66808.65,Asia,0.432163,108.61593204562227,724.836599513024,-0.50557783999277,-0.8137470048280243,-0.30816916483525436,142981.0,152.3879054003645
United Arab Emirates,ARE,2021,3.4,2039,23474.84,19.8092,1185.0,9789055.0,68580.15,Asia,0.273691,113.34503105870823,644.4015602996523,-0.35903510774758934,-0.7786754509244834,-0.4196403431768941,,
United Arab Emirates,ARE,2022,2.7,2038,21429.0,20.369802,1052.0,10242085.0,70075.63,Asia,0.300865,116.55270482148381,588.2417531135994,-0.25963746856777936,-0.860509076699412,-0.6008716081316327,,
Venezuela,VEN,2001,14.1,1786,3116774.0,3.3086002,942031.0,24979934.0,,,0.092416,100.0,100.0,-0.7725636272030887,0.4722099716351403,1.244773598838229,,
Venezuela,VEN,2002,14.2,1789,2568899.0,3.1848001,806624.0,25435674.0,,,0.004266,96.25823331570857,82.42172836400714,-0.888511445555542,0.4839004896029872,1.372411935158529,,
Venezuela,VEN,2003,13.8,1792,3116493.0,3.2106001,970686.0,25892710.0,,,0.008699,97.03801928078227,99.99098426770757,-0.8643478648032377,0.43713841773159956,1.3014862825348372,,
Venezuela,VEN,2004,9.3,1794,3663956.0,3.3858001,1082143.0,26340843.0,,,0.070052,102.33331002035241,117.55603710759908,-0.7002602931829418,-0.08893489082151323,0.6113254023614285,,
Venezuela,VEN,2005,7.8,1797,3583934.0,3.3538003,1068624.0,26785797.0,,,0.092185,101.36613967441579,114.98857472502017,-0.7302304385843981,-0.2642926603392176,0.46593777824518046,451384.0,133.40505266642236
Venezuela,VEN,2006,6.5,1799,4044300.0,3.4157002,1184047.0,27224691.0,,,0.044091,103.23701848292217,129.7591676521942,-0.6722566698941063,-0.4162693939212279,0.25598727597287835,,
Venezuela,VEN,2007,4.4,1801,4008055.0,3.5944002,1115072.0,27649369.0,,,0.036684,108.63809414023488,128.59626652429722,-0.5048910931329935,-0.6617702712460138,-0.15687917811302032,,
Venezuela,VEN,2008,2.6,1803,4107467.0,3.4284,1198059.0,28053694.0,,,0.095789,103.62086056816415,131.78584651951024,-0.6603623814120088,-0.872199594667259,-0.2118372132552503,,
Venezuela,VEN,2009,2.5,1805,3711867.0,3.1716003,1170329.0,28438296.0,,,0.034867,95.85927909936052,119.09323550568634,-0.9008740204863271,-0.883890112635106,0.01698390785122117,,
Venezuela,VEN,2010,2.5,1807,3664849.0,3.5760002,1024857.0,28813101.0,,,0.13055,108.08196771553118,117.5846885273042,-0.5221240344447139,-0.883890112635106,-0.3617660781903921,550930.0,162.82554469257232
Venezuela,VEN,2011,2.5,1809,3429024.0,3.4611003,990720.0,29185220.0,,,0.011309,104.6092030097804,110.01837155982435,-0.6297361666959401,-0.883890112635106,-0.25415394593916585,,
Venezuela,VEN,2012,2.5,1811,3311726.0,3.7602,880738.0,29553829.0,,,0.039828,113.64927077015834,106.25492897463853,-0.34960749406261155,-0.883890112635106,-0.5342826185724945,,
Venezuela,VEN,2013,2.5,1813,3693974.0,4.0073004,921820.0,29912195.0,,,0.06705,121.11769805248758,118.5191483245176,-0.1181799564918131,-0.883890112635106,-0.7657101561432929,,
Venezuela,VEN,2014,3.8,1815,3597762.0,4.0407,890391.0,30254080.0,,,0.106208,122.12717632066878,115.43223859028598,-0.08689879634860995,-0.7319133790530956,-0.6450145827044856,,
Venezuela,VEN,2015,11.1,1816,2294532.0,3.5057,654509.0,30573968.0,,,0.255577,105.95719603716401,73.61881227191962,-0.5879652964448342,0.12149443259973176,0.709459729044566,760196.0,224.67342089396968
Venezuela,VEN,2016,17.2,1818,2085076.1,3.4582002,602937.0,30765719.0,,,0.439195,104.52154962693892,66.89853354782862,-0.6324523217556206,0.8346160286383957,1.4670683503940163,,
Venezuela,VEN,2017,23.4,1817,1915874.5,3.1227002,613524.0,30565331.0,,,0.343641,94.38130965475975,61.46979216330731,-0.9466725288253093,1.5594281426449066,2.506100671470216,,
Venezuela,VEN,2018,23.2,1815,1627460.0,2.8833003,564439.0,29807591.0,,,0.263885,87.14562430359523,52.216169667739784,-1.170887986799863,1.5360471067092127,2.7069350935090757,,
Venezuela,VEN,2019,23.9,1813,1579755.0,3.1326003,504292.0,28938096.0,,,0.399228,94.68053287308634,50.68558066770321,-0.937400363483996,1.6178807324841413,2.5552810959681374,,
Venezuela,VEN,2020,22.2,1814,2396627.8,4.0348,593985.0,28444080.0,,,0.432163,121.94885317361704,76.89450053163944,-0.09242457644312928,1.4191419270307433,1.5115665034738726,5477198.0,1618.767806688813
Venezuela,VEN,2021,20.0,1817,2143169.0,3.9420002,543679.0,28237830.0,,,0.273691,119.14404768518119,68.76241267413037,-0.17933835400505327,1.1619505317381105,1.3412888857431637,,
Venezuela,VEN,2022,17.6,1821,1761232.2,3.5269,499370.0,28213015.0,,,0.300865,106.59795039606175,56.508178007131725,-0.5681099510204611,0.8813781005097837,1.4494880515302448,,
